{
  "IcoMoonType": "selection",
  "icons": [
    {
      "icon": {
        "paths": [
          "M61.74 1012.535c-7.056 7.055-15.876 10.584-25.578 10.584s-18.522-3.528-25.578-10.584c-14.112-14.112-14.112-37.045 0-51.157l449.819-449.819-449.819-449.819c-14.112-14.112-14.112-37.044 0-51.156s37.044-14.112 51.156 0l475.397 475.397c14.112 14.112 14.112 37.044 0 51.156l-475.397 475.398z"
        ],
        "attrs": [],
        "width": 569,
        "grid": 0,
        "tags": [
          "Vector link"
        ]
      },
      "attrs": [],
      "properties": {
        "order": 32,
        "id": 1,
        "name": "Vector-link",
        "prevSize": 32
      },
      "setIdx": 0,
      "setId": 19,
      "iconIdx": 0
    },
    {
      "icon": {
        "paths": [
          "M436.908 0h150.254v1024h-150.254v-1024z"
        ],
        "attrs": [],
        "grid": 0,
        "tags": [
          "vertical-line-svgrepo-com"
        ]
      },
      "attrs": [],
      "properties": {
        "order": 33,
        "id": 0,
        "name": "vertical-line",
        "prevSize": 32
      },
      "setIdx": 0,
      "setId": 19,
      "iconIdx": 1
    }
  ],
  "height": 1024,
  "preferences": {
    "showGlyphs": true,
    "showQuickUse": true,
    "showQuickUse2": false,
    "showSVGs": true,
    "fontPref": {
      "prefix": "icon-",
      "metadata": {
        "fontFamily": "icomoon"
      },
      "metrics": {
        "emSize": 1024,
        "baseline": 6.25,
        "whitespace": 50
      },
      "embed": false
    },
    "imagePref": {
      "prefix": "icon-",
      "png": true,
      "useClassSelector": true,
      "color": 0,
      "bgColor": 16777215,
      "classSelector": ".icon",
      "name": "icomoon",
      "height": 32,
      "columns": 16,
      "margin": 16
    },
    "historySize": 50,
    "showCodes": true,
    "gridSize": 16
  }
}